Workbook

Sheet Nodes
A1: Node_ID | B1: X (mm) | C1: Y (mm)
A2: 1 | B2: 0 | C2: 0
A3: 2 | B3: 6000 | C3: 0
A4: 3 | B4: 11000 | C4: 0
A5: 4 | B5: 0 | C5: 4000
A6: 5 | B6: 6000 | C6: 4000
A7: 6 | B7: 11000 | C7: 4000
A8: 7 | B8: 0 | C8: 8000
A9: 8 | B9: 6000 | C9: 8000
A10: 9 | B10: 11000 | C10: 8000

Sheet Geometri
A1: Element_ID | B1: Kode | C1: Node_Start | D1: Node_End | E1: b(mm) | F1: h(mm) | G1: Area (mm²) | H1: Inertia (mm⁴) | I1: E_Mean (MPa) | J1: Deterministic (MPa) | K1: fb_mean | L1: fb_stdev
A2: 1 | B2: K | C2: 1 | D2: 4 | E2: 300 | F2: 300 | G2: =E2*F2 -> 90000 | H2: =(1/12)*E2*F2^3 -> 675000000 | I2: =4700*SQRT(Mutu_Beton!$B$2) -> 20204.534 | J2: =4700*SQRT(Mutu_Beton!$E$2) -> 17928.625 | K2: 0.7 | L2: 0.2
A3: 2 | B3: K | C3: 2 | D3: 5 | E3: 300 | F3: 300 | G3: =E3*F3 -> 90000 | H3: =(1/12)*E3*F3^3 -> 675000000 | I3: =4700*SQRT(Mutu_Beton!$B$2) -> 20204.534 | J3: =4700*SQRT(Mutu_Beton!$E$2) -> 17928.625 | K3: 0.7 | L3: 0.2
A4: 3 | B4: K | C4: 3 | D4: 6 | E4: 300 | F4: 300 | G4: =E4*F4 -> 90000 | H4: =(1/12)*E4*F4^3 -> 675000000 | I4: =4700*SQRT(Mutu_Beton!$B$2) -> 20204.534 | J4: =4700*SQRT(Mutu_Beton!$E$2) -> 17928.625 | K4: 0.7 | L4: 0.2
A5: 4 | B5: K | C5: 4 | D5: 7 | E5: 300 | F5: 300 | G5: =E5*F5 -> 90000 | H5: =(1/12)*E5*F5^3 -> 675000000 | I5: =4700*SQRT(Mutu_Beton!$B$2) -> 20204.534 | J5: =4700*SQRT(Mutu_Beton!$E$2) -> 17928.625 | K5: 0.7 | L5: 0.2
A6: 5 | B6: K | C6: 5 | D6: 8 | E6: 300 | F6: 300 | G6: =E6*F6 -> 90000 | H6: =(1/12)*E6*F6^3 -> 675000000 | I6: =4700*SQRT(Mutu_Beton!$B$2) -> 20204.534 | J6: =4700*SQRT(Mutu_Beton!$E$2) -> 17928.625 | K6: 0.7 | L6: 0.2
A7: 6 | B7: K | C7: 6 | D7: 9 | E7: 300 | F7: 300 | G7: =E7*F7 -> 90000 | H7: =(1/12)*E7*F7^3 -> 675000000 | I7: =4700*SQRT(Mutu_Beton!$B$2) -> 20204.534 | J7: =4700*SQRT(Mutu_Beton!$E$2) -> 17928.625 | K7: 0.7 | L7: 0.2
A8: 7 | B8: B | C8: 4 | D8: 5 | E8: 300 | F8: 500 | G8: =E8*F8 -> 150000 | H8: =(1/12)*E8*F8^3 -> 3125000000 | I8: =4700*SQRT(Mutu_Beton!$B$2) -> 20204.534 | J8: =4700*SQRT(Mutu_Beton!$E$2) -> 17928.625 | K8: 0.7 | L8: 0.2
A9: 8 | B9: B | C9: 5 | D9: 6 | E9: 300 | F9: 500 | G9: =E9*F9 -> 150000 | H9: =(1/12)*E9*F9^3 -> 3125000000 | I9: =4700*SQRT(Mutu_Beton!$B$2) -> 20204.534 | J9: =4700*SQRT(Mutu_Beton!$E$2) -> 17928.625 | K9: 0.7 | L9: 0.2
A10: 9 | B10: B | C10: 7 | D10: 8 | E10: 250 | F10: 350 | G10: =E10*F10 -> 87500 | H10: =(1/12)*E10*F10^3 -> 8.9322917e+08 | I10: =4700*SQRT(Mutu_Beton!$B$2) -> 20204.534 | J10: =4700*SQRT(Mutu_Beton!$E$2) -> 17928.625 | K10: 0.7 | L10: 0.2
A11: 10 | B11: B | C11: 8 | D11: 9 | E11: 250 | F11: 350 | G11: =E11*F11 -> 87500 | H11: =(1/12)*E11*F11^3 -> 8.9322917e+08 | I11: =4700*SQRT(Mutu_Beton!$B$2) -> 20204.534 | J11: =4700*SQRT(Mutu_Beton!$E$2) -> 17928.625 | K11: 0.7 | L11: 0.2

Sheet Boundary_Condition
A1: Node_ID | B1: Restrain_X | C1: Restrain_Y | D1: Restrain_Rz
A2: 1 | B2: 1 | C2: 1 | D2: 1
A3: 2 | B3: 1 | C3: 1 | D3: 1
A4: 3 | B4: 1 | C4: 1 | D4: 1

Sheet Mutu_Beton
A1: Element_ID | B1: fc_Mean (MPa) | C1: fc_StdDev (MPa) | D1: Distribution | E1: fc_Deterministic (MPa)
A2: 1 | B2: 18.48 | C2: 3.32 | D2: lognormal | E2: =B2/1.27 -> 14.551181
A3: 2 | B3: 18.48 | C3: 3.32 | D3: lognormal | E3: =B3/1.27 -> 14.551181
A4: 3 | B4: 18.48 | C4: 3.32 | D4: lognormal | E4: =B4/1.27 -> 14.551181
A5: 4 | B5: 18.48 | C5: 3.32 | D5: lognormal | E5: =B5/1.27 -> 14.551181
A6: 5 | B6: 18.48 | C6: 3.32 | D6: lognormal | E6: =B6/1.27 -> 14.551181
A7: 6 | B7: 18.48 | C7: 3.32 | D7: lognormal | E7: =B7/1.27 -> 14.551181
A8: 7 | B8: 18.48 | C8: 3.32 | D8: lognormal | E8: =B8/1.27 -> 14.551181
A9: 8 | B9: 18.48 | C9: 3.32 | D9: lognormal | E9: =B9/1.27 -> 14.551181
A10: 9 | B10: 18.48 | C10: 3.32 | D10: lognormal | E10: =B10/1.27 -> 14.551181
A11: 10 | B11: 18.48 | C11: 3.32 | D11: lognormal | E11: =B11/1.27 -> 14.551181
A12: 11 | B12: 18.48 | C12: 3.32 | D12: lognormal | E12: =B12/1.27 -> 14.551181
A13: 12 | B13: 18.48 | C13: 3.32 | D13: lognormal | E13: =B13/1.27 -> 14.551181

Sheet Mutu_Baja
A1: Element_ID | B1: Mean_tarik (MPa) | C1: StdDev_tarik (MPa) | D1: Distribution_tarik | E1: Mean_tekan (MPa) | F1: StdDev_tekan (MPa) | G1: Distribution_tekan | H1: Mean_geser (MPa) | I1: StdDev_geser (MPa) | J1: Distribution_geser | K1: Deterministic_tarik (MPa) | L1: Deterministic_tekan (MPa) | M1: Deterministic_geser (MPa)
A2: 1 | B2: =1.12*K2 -> 358.4 | C2: =B2*5% -> 17.92 | D2: normal | E2: =1.12*L2 -> 358.4 | F2: =E2*5% -> 17.92 | G2: normal | H2: =1.12*M2 -> 268.8 | I2: =H2*5% -> 13.44 | J2: normal | K2: 320 | L2: 320 | M2: 240
A3: 2 | B3: =1.12*K3 -> 358.4 | C3: =B3*5% -> 17.92 | D3: normal | E3: =1.12*L3 -> 358.4 | F3: =E3*5% -> 17.92 | G3: normal | H3: =1.12*M3 -> 268.8 | I3: =H3*5% -> 13.44 | J3: normal | K3: 320 | L3: 320 | M3: 240
A4: 3 | B4: =1.12*K4 -> 358.4 | C4: =B4*5% -> 17.92 | D4: normal | E4: =1.12*L4 -> 358.4 | F4: =E4*5% -> 17.92 | G4: normal | H4: =1.12*M4 -> 268.8 | I4: =H4*5% -> 13.44 | J4: normal | K4: 320 | L4: 320 | M4: 240
A5: 4 | B5: =1.12*K5 -> 358.4 | C5: =B5*5% -> 17.92 | D5: normal | E5: =1.12*L5 -> 358.4 | F5: =E5*5% -> 17.92 | G5: normal | H5: =1.12*M5 -> 268.8 | I5: =H5*5% -> 13.44 | J5: normal | K5: 320 | L5: 320 | M5: 240
A6: 5 | B6: =1.12*K6 -> 358.4 | C6: =B6*5% -> 17.92 | D6: normal | E6: =1.12*L6 -> 358.4 | F6: =E6*5% -> 17.92 | G6: normal | H6: =1.12*M6 -> 268.8 | I6: =H6*5% -> 13.44 | J6: normal | K6: 320 | L6: 320 | M6: 240
A7: 6 | B7: =1.12*K7 -> 358.4 | C7: =B7*5% -> 17.92 | D7: normal | E7: =1.12*L7 -> 358.4 | F7: =E7*5% -> 17.92 | G7: normal | H7: =1.12*M7 -> 268.8 | I7: =H7*5% -> 13.44 | J7: normal | K7: 320 | L7: 320 | M7: 240
A8: 7 | B8: =1.12*K8 -> 358.4 | C8: =B8*5% -> 17.92 | D8: normal | E8: =1.12*L8 -> 358.4 | F8: =E8*5% -> 17.92 | G8: normal | H8: =1.12*M8 -> 268.8 | I8: =H8*5% -> 13.44 | J8: normal | K8: 320 | L8: 320 | M8: 240
A9: 8 | B9: =1.12*K9 -> 358.4 | C9: =B9*5% -> 17.92 | D9: normal | E9: =1.12*L9 -> 358.4 | F9: =E9*5% -> 17.92 | G9: normal | H9: =1.12*M9 -> 268.8 | I9: =H9*5% -> 13.44 | J9: normal | K9: 320 | L9: 320 | M9: 240
A10: 9 | B10: =1.12*K10 -> 358.4 | C10: =B10*5% -> 17.92 | D10: normal | E10: =1.12*L10 -> 358.4 | F10: =E10*5% -> 17.92 | G10: normal | H10: =1.12*M10 -> 268.8 | I10: =H10*5% -> 13.44 | J10: normal | K10: 320 | L10: 320 | M10: 240
A11: 10 | B11: =1.12*K11 -> 358.4 | C11: =B11*5% -> 17.92 | D11: normal | E11: =1.12*L11 -> 358.4 | F11: =E11*5% -> 17.92 | G11: normal | H11: =1.12*M11 -> 268.8 | I11: =H11*5% -> 13.44 | J11: normal | K11: 320 | L11: 320 | M11: 240

Sheet Tulangan
A1: Element_ID | B1: ds_tarik (mm) | C1: ds_tekan (mm) | D1: d_tarik (mm) | E1: d_tekan (mm) | F1: n_tarik (bh) | G1: du_tarik (mm) | H1: n_tekan (bh) | I1: du_tekan (mm) | J1: As_tarik (mm2) | K1: As_tekan (mm2) | L1: n_geser (mm) | M1: du_geser (mm) | N1: As_geser (mm2) | O1: Spasi_geser (mm)
A2: 1 | B2: 40 | C2: 40 | D2: =Geometri!F2-Tulangan!B2-Tulangan!M2-0.5*Tulangan!G2 -> 242 | E2: =C2+M2+0.5*I2 -> 58 | F2: 3 | G2: 16 | H2: 3 | I2: 16 | J2: =F2*(1/4)*PI()*G2^2 -> 603.18579 | K2: =H2*(1/4)*PI()*I2^2 -> 603.18579 | L2: 2 | M2: 10 | N2: =L2*(1/4)*PI()*M2^2 -> 157.07963 | O2: 200
A3: 2 | B3: 40 | C3: 40 | D3: =Geometri!F3-Tulangan!B3-Tulangan!M3-0.5*Tulangan!G3 -> 242 | E3: =C3+M3+0.5*I3 -> 58 | F3: 3 | G3: 16 | H3: 3 | I3: 16 | J3: =F3*(1/4)*PI()*G3^2 -> 603.18579 | K3: =H3*(1/4)*PI()*I3^2 -> 603.18579 | L3: 2 | M3: 10 | N3: =L3*(1/4)*PI()*M3^2 -> 157.07963 | O3: 200
A4: 3 | B4: 40 | C4: 40 | D4: =Geometri!F4-Tulangan!B4-Tulangan!M4-0.5*Tulangan!G4 -> 242 | E4: =C4+M4+0.5*I4 -> 58 | F4: 3 | G4: 16 | H4: 3 | I4: 16 | J4: =F4*(1/4)*PI()*G4^2 -> 603.18579 | K4: =H4*(1/4)*PI()*I4^2 -> 603.18579 | L4: 2 | M4: 10 | N4: =L4*(1/4)*PI()*M4^2 -> 157.07963 | O4: 200
A5: 4 | B5: 40 | C5: 40 | D5: =Geometri!F5-Tulangan!B5-Tulangan!M5-0.5*Tulangan!G5 -> 242 | E5: =C5+M5+0.5*I5 -> 58 | F5: 3 | G5: 16 | H5: 3 | I5: 16 | J5: =F5*(1/4)*PI()*G5^2 -> 603.18579 | K5: =H5*(1/4)*PI()*I5^2 -> 603.18579 | L5: 2 | M5: 10 | N5: =L5*(1/4)*PI()*M5^2 -> 157.07963 | O5: 200
A6: 5 | B6: 40 | C6: 40 | D6: =Geometri!F6-Tulangan!B6-Tulangan!M6-0.5*Tulangan!G6 -> 242 | E6: =C6+M6+0.5*I6 -> 58 | F6: 3 | G6: 16 | H6: 3 | I6: 16 | J6: =F6*(1/4)*PI()*G6^2 -> 603.18579 | K6: =H6*(1/4)*PI()*I6^2 -> 603.18579 | L6: 2 | M6: 10 | N6: =L6*(1/4)*PI()*M6^2 -> 157.07963 | O6: 200
A7: 6 | B7: 40 | C7: 40 | D7: =Geometri!F7-Tulangan!B7-Tulangan!M7-0.5*Tulangan!G7 -> 242 | E7: =C7+M7+0.5*I7 -> 58 | F7: 3 | G7: 16 | H7: 3 | I7: 16 | J7: =F7*(1/4)*PI()*G7^2 -> 603.18579 | K7: =H7*(1/4)*PI()*I7^2 -> 603.18579 | L7: 2 | M7: 10 | N7: =L7*(1/4)*PI()*M7^2 -> 157.07963 | O7: 200
A8: 7 | B8: 40 | C8: 40 | D8: =Geometri!F8-Tulangan!B8-Tulangan!M8-0.5*Tulangan!G8 -> 442 | E8: =C8+M8+0.5*I8 -> 58 | F8: 6 | G8: 16 | H8: 3 | I8: 16 | J8: =F8*(1/4)*PI()*G8^2 -> 1206.3716 | K8: =H8*(1/4)*PI()*I8^2 -> 603.18579 | L8: 2 | M8: 10 | N8: =L8*(1/4)*PI()*M8^2 -> 157.07963 | O8: 200
A9: 8 | B9: 40 | C9: 40 | D9: =Geometri!F9-Tulangan!B9-Tulangan!M9-0.5*Tulangan!G9 -> 442 | E9: =C9+M9+0.5*I9 -> 58 | F9: 6 | G9: 16 | H9: 3 | I9: 16 | J9: =F9*(1/4)*PI()*G9^2 -> 1206.3716 | K9: =H9*(1/4)*PI()*I9^2 -> 603.18579 | L9: 2 | M9: 10 | N9: =L9*(1/4)*PI()*M9^2 -> 157.07963 | O9: 200
A10: 9 | B10: 40 | C10: 40 | D10: =Geometri!F10-Tulangan!B10-Tulangan!M10-0.5*Tulangan!G10 -> 292 | E10: =C10+M10+0.5*I10 -> 58 | F10: 4 | G10: 16 | H10: 2 | I10: 16 | J10: =F10*(1/4)*PI()*G10^2 -> 804.24772 | K10: =H10*(1/4)*PI()*I10^2 -> 402.12386 | L10: 2 | M10: 10 | N10: =L10*(1/4)*PI()*M10^2 -> 157.07963 | O10: 200
A11: 10 | B11: 40 | C11: 40 | D11: =Geometri!F11-Tulangan!B11-Tulangan!M11-0.5*Tulangan!G11 -> 292 | E11: =C11+M11+0.5*I11 -> 58 | F11: 4 | G11: 16 | H11: 2 | I11: 16 | J11: =F11*(1/4)*PI()*G11^2 -> 804.24772 | K11: =H11*(1/4)*PI()*I11^2 -> 402.12386 | L11: 2 | M11: 10 | N11: =L11*(1/4)*PI()*M11^2 -> 157.07963 | O11: 200

Sheet Beban_Mati
A1: Element_ID | B1: Mean (kN/m) | C1: StdDev (kN/m) | D1: Distribution | E1: Deterministic (kN/m)
A2: 7 | B2: 35.2 | C2: =20%*B2 -> 7.04 | D2: normal | E2: =B2 -> 35.2
A3: 8 | B3: 35.2 | C3: =20%*B3 -> 7.04 | D3: normal | E3: =B3 -> 35.2
A4: 9 | B4: 7.38 | C4: =20%*B4 -> 1.476 | D4: normal | E4: =B4 -> 7.38
A5: 10 | B5: 7.38 | C5: =20%*B5 -> 1.476 | D5: normal | E5: =B5 -> 7.38

Sheet Beban_Hidup
A1: Element_ID | B1: Mean (kN/m) | C1: StdDev (kN/m) | D1: Distribution | E1: Deterministic (kN/m)
A2: 7 | B2: 28.74 | C2: =20%*B2 -> 5.748 | D2: lognormal | E2: =B2 -> 28.74
A3: 8 | B3: 28.74 | C3: =20%*B3 -> 5.748 | D3: lognormal | E3: =B3 -> 28.74
A4: 9 | B4: 8.16 | C4: =20%*B4 -> 1.632 | D4: lognormal | E4: =B4 -> 8.16
A5: 10 | B5: 8.16 | C5: =20%*B5 -> 1.632 | D5: lognormal | E5: =B5 -> 8.16

Sheet Beban_Nodal
A1: Node_ID | B1: Fx (kN) | C1: Fy (kN) | D1: Mz (kN.m)
A2: 1 | B2: 0 | C2: 0 | D2: 0
